retrieval_method,top_k,avg_precision@1,avg_precision@3,avg_precision@5,avg_recall@1,avg_recall@3,avg_recall@5,avg_ndcg@1,avg_ndcg@3,avg_ndcg@5,avg_rouge_l,avg_bertscore_f1,avg_retrieval_latency,avg_generation_latency,avg_total_latency
bm25,3,0.696078431372549,0.2875816993464052,0.17254901960784313,0.6911764705882353,0.8496732026143791,0.8496732026143791,0.696078431372549,0.7843681162570872,0.7843681162570872,0.21609811829955813,0.8721038623183381,0.000819121078558394,2.329767744113947,2.330586865192505
