retrieval_method,top_k,avg_precision@1,avg_precision@3,avg_precision@5,avg_recall@1,avg_recall@3,avg_recall@5,avg_ndcg@1,avg_ndcg@3,avg_ndcg@5,avg_rouge_l,avg_bertscore_f1,avg_retrieval_latency,avg_generation_latency,avg_total_latency
dense,3,0.8529411764705882,0.32679738562091504,0.19607843137254902,0.8423202614379085,0.9599673202614379,0.9599673202614379,0.8529411764705882,0.9173166072877045,0.9173166072877045,0.24275506276013098,0.8800122416486927,0.01367352156803998,2.4845482245114443,2.4982217460794844
