retrieval_method,top_k,avg_precision@1,avg_precision@3,avg_precision@5,avg_recall@1,avg_recall@3,avg_recall@5,avg_ndcg@1,avg_ndcg@3,avg_ndcg@5,avg_rouge_l,avg_bertscore_f1,avg_retrieval_latency,avg_generation_latency,avg_total_latency
tfidf,3,0.7156862745098039,0.31209150326797386,0.18725490196078431,0.7075163398692811,0.9223856209150327,0.9223856209150327,0.7156862745098039,0.8350596501383772,0.8350596501383772,0.2171423797835984,0.8735567418967977,0.0012075308794224197,2.9847753328415587,2.9859828637209813
